# dirty words, add() ms, build() ms, search() avg ms, filter() avg ms
200,3,759,158,80.6
400,6,1508,297,86.2
600,6,2301,445.5,83.4
800,0,69,597.5,86.2
1000,6,3623,735,86.8
1200,6,4552,891.5,88
1400,7,5316,1027,88.6
1600,6,5767,1182.5,86.4
1800,7,6734,1353.5,86.6
2000,7,7687,1588.5,87.6
2200,5,9211,1841,90.2
2400,6,9873,1941.5,90.8
2600,5,11242,2344,91.8
2800,0,10264,2167,92.6
3000,11,12601,2660.5,92.6
3200,6,13340,2792.5,110.4
3400,6,14581,2912,93.6
3600,6,15412,3181,94.2
3800,6,15953,3487.5,93.8
4000,5,17336,3750,95.8
4200,6,19837,4362.5,98.6
4400,6,21318,4489,96.4
4600,5,21974,4414.5,95
4800,6,21692,4743,99
5000,5,24463,5409,114.6
5200,6,27848,6047,109.6
5400,5,27117,6118.5,109.4
5600,6,29864,6299.5,109.8
5800,6,30073,6925.5,125.6
6000,6,31089,7306.5,125.6
6200,5,34183,7502,127.2
6400,7,36079,8123,138.6
6600,6,38167,8339,127.2
6800,6,38732,8678,126.4
7000,5,40171,9054,132.8
7200,6,39984,9715.5,126.2
7400,5,49674,11406,131
7600,6,44582,9807,248.2
7800,6,43881,7600.5,121.6
8000,6,43270,9508,122.8
8200,5,42443,10123,129
8400,6,47140,9709.5,130.2
8600,5,47098,11598,157.4
8800,7,48339,10874,132.2
9000,7,49155,12263,132.6
9200,0,48408,11936.5,136.6
9400,7,52561,11770,139.2
9600,5,54691,11864,142.6
9800,6,54251,11670.5,126.8
10000,6,52881,11670.5,131.8
10200,5,51017,12273.5,137.4
10400,7,55143,12368.5,137.6
10600,6,57105,12262,126.6
10800,0,53930,12521,124.6
11000,5,55991,12906,134.4
11200,0,55966,12989.5,136.6
11400,6,58920,13568.5,139
11600,0,55446,13820,141.2
11800,6,63310,13794.5,133.2
12000,7,63785,15992,154
12200,6,71843,15850,147.8
12400,6,67334,14784.5,136.8
12600,6,66576,14304.5,128.2
12800,6,63816,14411.5,129.4
13000,6,66276,15151.5,136.6
13200,7,68082,15465,141.4
13400,7,71902,15736.5,147.6
13600,6,73049,16693,154.4
13800,6,75706,17089,151.8
14000,8,80161,18210.5,164.2
14200,6,79423,17654.5,157
14400,0,76810,17847.5,155.6
14600,6,80933,18214.5,159.4
14800,7,81568,18200.5,158.4
15000,5,82330,18277,151
15200,5,83087,19109,160.4
15400,7,87715,19151.5,157.2
15600,6,86864,19189,165
15800,7,88542,19772.5,161.2
16000,6,90106,19864,162.4
16200,6,91560,20037,163.8
16400,6,91565,19900.5,166.6
16600,6,89903,19981.5,160.4
16800,5,92375,20808.5,163.6
17000,7,95034,20969,164.2
17200,7,95328,21125,161
17400,6,89985,21142,164.8
17600,6,96795,21586,164.4
17800,6,97475,22047.5,170.4
18000,7,98378,21561,154.4
18200,0,95588,22279.5,166.2
18400,6,104050,22733,159
18600,6,101628,22366,223.2
18800,6,104883,22998,169.6
19000,7,104665,22488.5,154
19200,7,103170,23103,163.8
19400,6,105587,23112.5,158.4
19600,8,104526,23385.5,155.4
19800,7,109658,25454,172.8
20000,7,106607,23702,157.8
20200,7,105775,24062,158.6
20400,5,107450,24407,162.6
20600,6,111989,24930.5,163
20800,7,113765,25534.5,164.4
21000,6,120819,25485,165
21200,7,121849,25753.5,162.2
21400,5,118269,25616.5,163.2
21600,5,117809,25247,153.2
21800,6,119694,26076,164.2
22000,7,119366,26048,160.4
22200,6,120132,26199,155
22400,7,125047,26821,169.8
22600,8,126284,27418.5,170
22800,6,128206,27677.5,169.8
23000,6,128255,28007.5,168
23200,6,129714,29142,172.2
23400,8,128163,28269.5,163
23600,7,128265,27514,161.2
23800,6,127884,28420.5,164
24000,6,128751,27808,66.8
24200,0,124616,28508,161.4
24400,6,144348,29481.5,167.6
24600,8,135974,29347,163.4
24800,7,135106,29490,165
25000,6,136000,29754,164
25200,7,136789,32224,171.6
25400,7,140653,30598,172.4
25600,6,146916,30597,172.2
25800,5,142587,30781.5,170
26000,0,140048,31186,171.2
26200,6,145163,31558.5,167.2
26400,6,147332,32906.5,168
26600,7,150924,32178,173.2
26800,7,149566,32000,169.8
27000,7,144622,31613,158.6
27200,6,146776,31739,163.4
27400,6,149871,32816.5,165.2
27600,7,147568,32657.5,169.6
27800,6,144466,32821.5,165.8
28000,6,148974,32967.5,168.6
28200,6,152939,33122,161.4
28400,6,154700,33709,173.8
28600,6,155907,33973,164.8
28800,7,156899,34096.5,169.6
29000,6,159880,36458,168.8
29200,7,163580,34755.5,169.2
29400,7,160485,34976.5,171.8
29600,6,163392,34680.5,167.8
29800,6,160174,35249.5,169.8
30000,0,166928,35528.5,173
30200,6,163949,35446.5,166
30400,11,162204,35686,169.6
30600,6,163895,36149,168.2
30800,8,171624,38726,179.6
31000,7,171108,36918.5,168
31200,19,168256,36687.5,169
31400,5,168488,37428.5,166.2
31600,6,175685,39894.5,174.4
31800,7,173105,37471,170.6
32000,7,175299,37680,171.6
32200,5,174487,40292,175.8
32400,6,175578,40738,182
32600,6,181909,39418.5,171.6
32800,6,178903,38804,173
33000,6,184823,41459,195.6
33200,0,191004,40283,174.6
33400,7,180408,39772,178.4
33600,0,181186,39811.5,174.2
33800,7,190353,40082,171.4
34000,7,185228,40416,172.6
34200,6,186364,40954.5,173.4
34400,7,187507,41984.5,181.6
34600,6,199140,41905,170.8
34800,6,186945,41193,166.2
35000,5,190484,41318.5,175.6
35200,0,186234,43190.5,171.8
35400,6,191258,41681.5,178.8
35600,6,191342,41941.5,169.6
35800,7,192710,42241.5,173.2
36000,6,205201,43861.5,173.2
36200,7,193047,42143.5,173.4
36400,6,191543,42658,174.4
36600,6,198475,43525,176
36800,6,204955,45964.5,182
37000,7,201031,44349.5,178.4
37200,6,201697,44236,181.4
37400,9,205055,47519.5,182.8
37600,7,209742,45480,184
37800,5,206571,46069,185.8
38000,8,214532,45881.5,176.4
38200,0,209208,45722,177.4
38400,6,209557,45640.5,179
38600,6,212662,45987,183.8
38800,6,218857,46424.5,174.8
39000,7,214297,46865.5,180
39200,8,214325,47423.5,179
39400,5,221778,47236.5,181.8
39600,6,215503,47169.5,180.4
39800,6,217406,50300.5,181.8
40000,7,225207,47517.5,177.2
40200,7,219748,47535,176.6
40400,6,216143,48265.5,176.6
40600,7,224032,47980.5,173
40800,6,218321,48313,173.4
41000,6,221209,48166.5,177.8
41200,5,231917,50446,176.2
41400,7,222463,48338.5,177.8
41600,7,225352,49192,177.6
41800,0,226379,51926,177
42000,8,225629,49997.5,174.6
42200,6,229389,50145,191.6
42400,6,233495,50671.5,182.8
42600,6,232385,50615.5,178.2
42800,6,232125,51055.5,183.4
43000,6,243890,53602.5,197.8
43200,7,242590,51158.5,180.8
43400,6,237014,52046,194.4
43600,7,242754,51174.5,174.2
43800,6,253294,51995.5,174.8
44000,6,248546,55439,179.6
44200,6,249841,52045,184.2
44400,7,248851,53012,175.6
44600,6,247929,53571,187.8
44800,7,252947,52612,177.8
45000,6,252775,53171,186
45200,6,258707,54890,182
45400,5,258139,54090.5,182.4
45600,6,253903,53793,183.2
45800,5,256711,54184,181
46000,0,255148,54363,185.2
46200,6,257948,54947,179.6
46400,0,267939,55705.5,181.8
46600,7,258070,54166.5,178.4
46800,6,258913,55673,180.2
47000,6,274788,55219,183
47200,7,264825,56261,185.2
47400,0,277171,57966,187
47600,6,268860,56597,177.4
47800,5,273536,57803.5,181.4
48000,7,276802,57665.5,186
48200,6,271176,57683,185.8
48400,7,274524,56813,184.8
48600,7,269539,56516,181.8
48800,7,268908,58751.5,181
49000,6,278354,57179,178.6
49200,6,270675,57461.5,182.6
49400,7,273113,59478,189.6
49600,8,282645,58667.5,182.2
49800,7,279103,58955,183.6
50000,7,281257,57998,175.6
50200,5,274515,58390.5,182.8
50400,5,289128,61166.5,189.2
50600,6,276815,59999.5,183.8
50800,6,286079,60419,183.8
51000,7,296490,59458.5,182
51200,6,283659,60622,187
51400,7,297388,63308,183.8
51600,6,286589,61310.5,179.2
51800,6,292130,63933,186.2
52000,7,289191,61184.5,183.4
52200,6,289208,62708.5,442.6
52400,6,305621,62043.5,181.4
52600,6,285863,61405.5,182.8
52800,7,303196,64645,198.2
53000,10,306056,62301.5,187.4
53200,6,298875,68920,192.8
53400,6,310235,63616.5,185.6
53600,10,296675,65646.5,189.4
53800,6,312121,64523.5,184.8
54000,0,297321,64077,192.4
54200,7,309422,66516.5,183.4
54400,6,304366,63831.5,185.6
54600,0,304787,66515.5,193.4
54800,6,310956,64529.5,185.4
55000,6,308892,67246,193.4
55200,7,320068,67965.5,183.8
55400,6,309685,65153.5,182.4
55600,7,307397,64911.5,183.8
55800,7,309011,65169,181.4
56000,6,315573,65645.5,180.2
56200,0,305130,65688,181
56400,8,326214,68245.5,188.8
56600,0,307790,65911.5,189.6
56800,6,315373,70940.5,192.4
57000,6,312269,66163.5,114.8
57200,0,317038,67954,188.2
57400,6,322589,67892,182.2
57600,11,326385,68900.5,186.8
57800,6,319158,67407,177.4
58000,7,317957,67907.5,189
58200,6,336926,70850,187.8
58400,6,324670,68607.5,183.6
58600,6,331302,68312.5,183.4
58800,7,322378,68215.5,185
59000,6,327408,70789.5,189.8
59200,6,331957,69956,186.4
59400,6,346964,75616,189.6
59600,7,326501,69847.5,182.6
59800,5,340887,70522.5,185.4
60000,8,340371,70102.5,190
60200,6,343293,76015.5,196.2
60400,7,346813,70541,187.2
60600,6,341060,72760.5,198.4
60800,6,341493,71481.5,190.8
61000,6,338205,75532,189.4
61200,7,341710,71461,184.8
61400,7,349588,74240.5,193.2
61600,6,347022,72909,191.6
61800,0,345492,75570.5,184.6
62000,6,347298,73115,185.8
62200,6,350971,73318,183.4
62400,12,364731,75285.5,187.8
62600,7,340729,75885.5,193.2
62800,6,353140,73340,182.4
63000,6,338657,72447.5,182
63200,10,347783,72611,181.2
63400,6,344212,76729,182.8
63600,9,353548,74151,186
63800,6,353573,74393.5,183.8
64000,8,345035,74230.5,182.2
64200,8,351177,79758.5,189.6
64400,7,357597,75063,186.4
64600,5,355224,75533.5,193.8
64800,6,356226,76025,185.2
65000,6,362771,81343,189.6
65200,6,363906,75694.5,183.8
65400,0,368237,78718,187.2
65600,6,357517,75567,183.2
65800,5,358382,76266.5,186.6
66000,7,364239,76318.5,187.4
66200,6,375868,81049,216.2
66400,6,373357,77500,189.8
66600,6,371444,78753.5,206.6
66800,8,376421,80755,200.2
67000,7,380947,78557.5,191
67200,0,365510,80112.5,189.2
67400,6,378665,79305,182.4
67600,7,373927,78606.5,190.6
67800,6,381518,78029,181.8
68000,7,365981,80320,189.8
68200,6,379801,80007,188.4
68400,6,382444,79937,187.2
68600,11,373843,79073.5,186
68800,7,386449,80801.5,183
69000,7,364723,78839,184.6
69200,6,372904,88933,185.6
69400,8,385505,82009,193.6
69600,7,381112,79644.5,186.4
69800,7,372531,81643.5,208.2
70000,8,383032,80152.5,185.4
70200,11,379385,83482,187.4
70400,6,386534,80655,184.4
70600,7,382699,84636.5,190.4
70800,6,386105,81900,187.2
71000,7,389113,82423.5,189.2
71200,6,381248,81201,183.4
71400,7,384876,82848,187
71600,6,392201,84627,179.2
71800,0,402368,84692,191.2
72000,8,401639,86432.5,183.6
72200,11,389056,82942,187
72400,6,393049,85470.5,185.4
72600,7,387889,82625.5,187.6
72800,0,399407,85331,185
73000,6,391586,86491,188.6
73200,6,401325,85024.5,184.2
73400,11,402864,87357,187.4
73600,7,411727,87481.5,193.4
73800,5,417289,86804.5,185
74000,7,406066,91502,193.4
74200,6,428452,85784,187.4
74400,6,403080,86208,192.4
74600,6,408952,86061,180.8
74800,7,411720,91721.5,191.8
75000,5,408391,87756.5,186.4
75200,6,413733,87729,186.8
75400,6,409212,89498.5,187.2
75600,11,412211,87954.5,186.4
75800,6,414898,89323.5,191.4
76000,6,411659,87047,182.6
76200,8,424482,88005.5,180.4
76400,6,402313,87386,185.8
76600,6,411977,89198,186
76800,0,404870,88478.5,185.8
77000,6,416272,88668.5,182.6
77200,10,426060,89909.5,197.2
77400,6,430121,89828,186.6
77600,7,430320,89155,182.2
77800,8,420920,89478.5,184.6
78000,9,431020,89976.5,187.4
78200,6,445060,94044.5,187.6
78400,7,432468,91620,191
78600,6,426580,96887,184.4
78800,8,449233,93306,185
79000,7,428645,96633,193.4
79200,6,439632,92727.5,188
79400,6,433535,95014.5,185.8
79600,6,437172,92895.5,187.2
79800,6,454682,94008,188.2
80000,8,433055,92512.5,184
80200,15,428421,92145,184.8
80400,6,441707,93593,184.2
80600,6,431027,92886.5,190.2
80800,6,451556,94305.5,189.2
81000,7,449089,95954,184.8
81200,11,429953,93449.5,187.6
81400,6,451190,93698.5,185.6
81600,5,432812,95843,185.2
81800,6,435527,93359,190.4
82000,7,461437,96668,204.8
82200,6,434822,94547,179.8
82400,5,454099,95783,183.4
82600,8,444687,96784.5,196.4
82800,6,441265,95423.5,184.4
83000,6,463787,97827,190.6
83200,6,452132,100262,186.8
83400,7,444090,95885,192.2
83600,6,456943,96332,184.8
83800,6,449557,96797,187.8
84000,12,447231,96402,187.2
84200,6,470568,99364.5,185.4
84400,6,465057,103310,192.8
84600,7,460728,101462,186.8
84800,12,469254,97973,184
85000,0,453999,100880,195.8
85200,6,468903,97911.5,184.8
85400,11,475467,103976,185
85600,0,449427,101014,203.6
85800,10,473809,103408,194.6
86000,7,477986,100251,188.4
86200,6,460473,100626,193
86400,11,461612,99634,192.8
86600,7,477144,99194,189.8
86800,16,467439,106447,193.6
87000,6,465783,102554,189.8
87200,6,483436,104291,182.6
87400,5,467308,99976.5,185.8
87600,5,460102,99928,184.6
87800,6,463716,100254,184.2
88000,7,468271,107563,188
88200,6,475691,106334,194.6
88400,0,474819,101317,183.2
88600,8,477376,106020,183
88800,0,475775,111696,210.2
89000,6,488488,104112,198.8
89200,7,488772,102870,184.2
89400,6,484142,103282,184.8
89600,6,485845,103067,186.4
89800,6,491859,104026,183.8
90000,7,494822,109020,183.8
90200,6,474451,110524,197.2
90400,7,485321,102864,182.6
90600,6,481344,103066,184.2
90800,6,495032,110765,195.2
91000,6,483599,103627,181.8
91200,5,508752,111275,187
91400,6,501452,105780,187.2
91600,5,498068,106070,203.8
91800,7,497106,103184,180.2
92000,8,501896,105426,184.8
92200,7,504779,106798,194
92400,6,505640,105523,185.8
92600,7,503455,105186,185.8
92800,6,503119,105522,186.4
93000,7,503869,107234,185.6
93200,8,509295,107883,189.6
93400,6,535142,108650,186.8
93600,7,522138,107786,206.8
93800,5,512163,112871,192.2
94000,0,514488,107514,185.2
94200,6,527278,108301,184.8
94400,7,524889,114861,190.8
94600,7,536709,107881,181.4
94800,0,525059,107285,183.2
95000,7,542655,113616,196.6
95200,8,551238,119014,195.4
95400,7,544553,118188,208.2
95600,6,566250,113161,193
95800,7,563804,115034,198
96000,6,561287,119143,201.6
96200,6,564691,122800,199.2
96400,6,549117,120410,227.6
96600,7,555737,115558,197.6
96800,6,572924,113890,186
97000,7,554928,115020,198.6
97200,5,552668,122081,196.6
97400,7,568899,119856,209.6
97600,6,565315,112832,195
97800,0,583612,118672,204.4
98000,0,581809,119068,201.8
98200,7,570189,118613,196.4
98400,7,568091,121280,199.8
98600,6,580997,122461,202.8
98800,0,583057,117708,204.4
99000,6,583263,120623,187.8
99200,6,561989,114248,190.2
99400,6,550827,124262,198.8
99600,6,548643,121220,189.2
99800,7,551083,121232,194
100000,7,565140,115950,191.2
100200,5,563521,115674,189.6
100400,7,544017,122530,190.6
100600,6,555058,114888,186.8
100800,7,576184,117947,188.6
101000,6,561700,117981,189.2
101200,6,573984,120886,188.2
101400,7,552237,122844,194
101600,0,547911,117405,188.6
101800,6,575265,116250,188.4
102000,6,573535,119246,187.2
102200,6,569608,120846,193.4
102400,0,563275,117142,191
102600,7,561992,126111,187.8
102800,6,573327,121603,193.6
103000,7,567530,116798,183.2
103200,5,561317,119242,187.8
103400,7,569641,119896,189
103600,6,563472,119060,190.6
103800,0,553057,117905,180.8
104000,6,571894,117988,183.4
104200,6,576870,119989,186.4
104400,7,565806,126270,189.8
104600,6,571124,125780,193.8
104800,6,569126,126835,197
105000,14,593249,121368,193
105200,6,582633,119692,188.6
105400,7,585201,128416,189.8
105600,7,574491,122072,187.8
105800,6,562342,128159,192
106000,7,582297,127494,198
106200,7,573929,120308,190.4
106400,7,590898,121993,184.2
106600,6,585052,122932,190.8
106800,6,593539,126005,192.4
107000,8,586271,124615,188.6
107200,6,580073,122152,192.4
107400,7,599713,124384,189.6
107600,6,598671,122806,190
107800,6,601049,126919,191.6
108000,7,600721,123044,187.8
108200,6,591419,130300,195.2
108400,5,586810,131982,188.8
108600,6,577154,131757,195.2
108800,7,610648,123962,190.4
109000,6,620825,127854,201.6
109200,6,611957,123872,189.2
109400,6,597258,127345,194
109600,7,611334,131752,197
109800,6,598822,134595,201.2
110000,6,607935,126204,190.2
110200,6,600255,124696,192.8
110400,8,600882,125618,190.6
110600,6,603647,126186,193.6
110800,6,617040,130312,193.2
111000,7,616742,128180,187.8
111200,6,600230,127198,191.6
111400,0,597404,127236,186.2
111600,6,603490,126702,191
111800,6,630846,129821,190
112000,7,638137,128594,192.6
112200,6,630330,130868,193.2
112400,6,626775,134346,196.4
112600,6,635878,128930,192
112800,7,613319,131534,189
113000,6,606894,133148,192.4
113200,8,629875,138996,201.6
113400,7,624686,132488,191.2
113600,6,634612,128577,188.4
113800,7,622903,134844,191.2
114000,7,633704,132263,196.8
114200,7,632555,131414,191.4
114400,7,620518,128491,190.2
114600,6,611939,130504,188.8
114800,6,612354,138780,199.4
115000,8,620156,139602,191.8
115200,6,632155,133286,196
115400,5,624029,129858,189.2
115600,7,631691,131053,192.8
115800,7,627005,132485,194.6
116000,8,633883,130547,192.6
116200,7,634297,130522,191.8
116400,6,619699,130982,187.4
116600,8,622870,131426,194.6
116800,7,639876,134968,192.6
117000,6,630647,138164,221.6
117200,0,625794,131732,188
117400,6,654532,133464,192.4
117600,7,638540,135247,198.6
117800,6,648729,134534,191.6
118000,7,659115,135286,194.2
118200,7,642364,135259,195.2
118400,6,663680,134870,194.2
118600,6,640975,132904,190.2
118800,6,645492,136971,194
119000,7,649682,134660,190.6
119200,6,637274,135883,194.2
119400,7,655432,138572,190
119600,7,654739,140068,203.8
119800,7,660137,139578,186.8
120000,8,644129,135022,194.4
120200,6,650296,134210,192.2
120400,5,644089,134418,0
120600,0,646397,136128,193.8
120800,6,657267,145846,189.6
121000,6,672441,138694,195.8
121200,6,672751,137172,182.4
121400,7,648287,137620,195.4
121600,6,670198,143081,190.8
121800,7,674828,135958,183.4
122000,5,651377,141405,211.8
122200,6,660643,140163,190.4
122400,6,652649,149070,202.4
122600,7,678161,147292,198.8
122800,6,674129,145724,209
123000,7,676686,147376,193
123200,7,672078,142936,198
123400,6,671295,141217,195
123600,7,665378,145997,197.2
123800,6,678056,142930,202
124000,6,663667,138876,199.6
124200,6,692037,143734,189.2
124400,6,664886,138923,195.2
124600,6,694579,145280,194.2
124800,6,699390,147314,198
125000,5,688405,140171,194.6
125200,6,675404,141058,194.2
125400,5,697390,143630,195
125600,7,713162,144783,191.6
125800,6,711513,147103,191.2
126000,7,673841,141702,191
126200,7,699917,144978,194
126400,6,699066,142694,195.4
126600,8,684869,141915,194.4
126800,5,681019,143630,190.2
127000,6,689968,142120,193.4
127200,6,697571,142791,195.2
127400,8,706438,153130,194.8
127600,7,702496,145000,195.6
127800,12,696913,143411,196.2
128000,6,689372,144921,198
128200,6,703539,143818,194.6
128400,11,686538,141234,190
128600,6,698277,158666,198.2
128800,0,704214,145367,198.2
129000,6,694897,144861,190.6
129200,7,716737,150316,198.6
129400,5,719905,147216,189
129600,7,715366,146458,199.2
129800,5,719337,148222,186
130000,6,705680,149746,193
130200,5,725930,146115,196
130400,7,719981,151642,201
130600,8,726291,150108,202.2
130800,6,713260,150930,193.6
131000,6,721654,150456,192.6
131200,0,718395,149878,196
131400,6,710192,157172,196.6
131600,0,700612,147996,192.8
131800,6,730308,151037,203.4
132000,7,731619,148818,193.4
132200,6,740005,155766,199.8
132400,6,716706,149352,195
132600,7,719840,151814,223.6
132800,6,714814,153985,215.2
133000,7,732734,153688,196.4
133200,6,731940,161329,197.2
133400,7,715018,161702,205
133600,7,727462,165542,219
133800,6,737492,153953,194.4
134000,7,739023,160894,191.8
134200,6,727894,162062,198.4
134400,7,734892,155213,197.8
134600,7,743193,154318,191.6
134800,7,756428,154301,195.6
135000,7,743987,153002,191.4
135200,7,724172,149973,191.4
135400,7,751680,153156,194.4
135600,0,739171,152082,195.6
135800,7,754742,156130,196.2
136000,11,744184,154122,195
136200,8,746781,152826,194.8
136400,7,732958,154813,191.4
136600,7,727458,153710,200.6
136800,7,731092,160792,224.6
137000,7,757871,167488,209.2
137200,6,765358,164297,202.8
137400,6,752347,165926,205
137600,7,743462,153683,191.4
137800,6,730151,156640,201.2
138000,6,737114,153516,201.8
138200,6,758867,157908,197.8
138400,6,768006,156936,203.4
138600,6,743117,155412,198
138800,0,759374,163386,200
139000,6,772065,158610,219.6
139200,6,765949,161570,199
139400,0,758015,168372,203.6
139600,7,743118,162187,211.6
139800,7,775822,163668,199.2
140000,9,766731,169919,201.2
140200,7,780946,166129,204.2
140400,8,764059,157092,194.6
140600,6,774208,158584,193.6
140800,6,768837,156882,198.2
141000,7,767161,157311,199.2
141200,6,795496,162120,196.4
141400,6,766809,168274,195.6
141600,7,760235,162744,194.2
141800,8,756468,160199,195.4
142000,7,761289,165856,191.6
142200,6,755681,158456,191.4
142400,7,763826,157564,189.8
142600,0,761945,158859,198.2
142800,6,766936,168487,202.8
143000,7,791576,162543,190.8
143200,7,769307,160186,198
143400,6,794631,162323,190.8
143600,7,770183,166777,196
143800,7,777691,168395,203.6
144000,9,795527,173450,193.6
144200,8,776910,168486,205.4
144400,6,788687,160077,196.8
144600,6,782244,161168,252.2
144800,6,806905,162698,208
145000,6,790847,161020,201.8
145200,7,783691,165693,191.8
145400,7,773354,164280,197.8
145600,6,789960,171670,194.4
145800,5,798137,175500,207.6
146000,6,804833,169846,197.4
146200,0,800414,165628,203
146400,6,825899,168032,196.2
146600,6,807418,175896,211
146800,7,797664,167990,204.6
147000,7,798416,173542,203.6
147200,6,815232,168725,205
147400,8,807461,170465,204.2
147600,5,819688,167700,197
147800,0,797390,168858,209.2
148000,7,793600,166877,201.2
148200,6,798327,169386,194.2
148400,7,794619,176598,203
148600,6,814159,168986,200.6
148800,7,826912,166884,198.4
149000,8,812572,170080,202
149200,6,803557,178378,199.6
149400,6,791252,179056,201
149600,0,806042,176696,197.6
149800,6,794790,167277,202
150000,7,806421,167040,201.8
150200,6,840046,171688,206
150400,6,827129,168352,206
150600,6,826592,179336,207.2
150800,0,819077,180518,229.2
151000,6,839673,170556,196
151200,12,821734,170576,201.4
151400,5,825211,170468,202.4
151600,6,825235,182290,261.8
151800,7,831802,183328,201.8
152000,6,818663,177264,248
152200,0,836027,172402,199.6
152400,6,839762,170089,202
152600,6,804839,170904,196.2
152800,6,802975,174386,212.8
153000,7,832816,170800,202.4
153200,7,854446,170531,195.4
153400,8,822013,171432,198.4
153600,7,852182,172934,201.6
153800,6,854461,185800,206.2
154000,7,830351,182617,201.8
154200,6,837639,170790,196.6
154400,7,819764,172670,204
154600,6,849617,175179,203.4
154800,0,835254,177724,199.6
155000,7,833787,185616,198.2
155200,0,835174,174962,197
155400,7,856184,176012,201.8
155600,6,854271,179594,215
155800,7,845918,178306,213.2
156000,9,858741,185316,201.8
156200,6,849070,182438,203
156400,7,866020,176754,219.6
156600,7,880886,179022,197.6
156800,6,840543,176994,195.4
157000,6,839429,177774,201.6
157200,15,836245,174710,195.8
157400,7,843598,175962,200.8
157600,6,837423,175111,202
157800,7,849429,183972,204.8
158000,7,885235,185389,210
158200,6,914967,190498,205.2
158400,6,923098,187929,213
158600,0,877751,197814,221
158800,6,929552,186944,204.4
159000,6,897397,186438,211.2
159200,7,904397,193577,218.6
159400,6,918279,182764,200.2
159600,6,875570,185617,209.4
159800,0,935249,197740,234.4
160000,6,934144,190864,210.8
160200,0,913035,195452,218.4
160400,7,923717,184916,212
160600,6,872187,199758,207.2
160800,6,870242,182190,209.2
161000,6,895228,180788,203
161200,7,888650,190068,204
161400,5,880620,181871,196
161600,9,900675,184832,198.6
161800,6,888151,180306,197.6
162000,7,855942,181406,201.8
162200,8,853027,183962,199
162400,7,887803,186354,201.4
162600,11,900470,184094,207
162800,7,856776,180759,194
163000,6,859925,194544,203.6
163200,6,898620,182382,199.2
163400,7,893489,182084,205.2
163600,7,891570,188120,197.8
163800,7,884216,191834,198.6
164000,6,876211,181408,206
164200,7,886305,186888,206.2
164400,6,914396,189678,198.4
164600,6,898691,192158,204
164800,7,901943,191437,201.6
165000,0,895171,190456,199.2
165200,8,868776,190600,210.6
165400,6,908395,185450,201
165600,5,911607,191636,216.8
165800,7,908881,188882,201.6
166000,8,902988,202670,201.4
166200,6,887089,184839,198.8
166400,7,916522,195950,213
166600,0,901956,195717,204
166800,7,891079,184402,203.6
167000,7,905787,188368,205.2
167200,7,895873,200715,206.6
167400,6,908629,187786,196.4
167600,8,924853,185992,199
167800,5,895783,186866,207.4
168000,7,903040,185858,196
168200,6,898061,189328,209.6
168400,7,902254,187085,204.4
168600,6,903765,187954,199.6
168800,7,896132,199266,204.6
169000,7,933445,187970,197.2
169200,6,900758,189560,203.6
169400,6,917101,201483,204.8
169600,6,928667,189624,194.8
169800,6,916148,191695,200
170000,7,910535,205992,205
170200,6,933932,188524,204
170400,6,906632,190534,221.2
170600,6,904289,189361,190.4
170800,7,911497,189616,198.4
171000,6,908895,188916,199.2
171200,7,911916,193228,202.2
171400,6,916642,203105,209.8
171600,5,944524,195450,203
171800,6,943438,203044,216.2
172000,7,943326,191484,199.8
172200,7,928719,190054,195.2
172400,6,923973,205591,204.4
172600,7,935782,200400,205.2
172800,6,943239,193912,197.2
173000,7,948266,198968,199.6
173200,7,928591,204410,214.4
173400,0,944369,193826,201.8
173600,14,928029,196880,208.6
173800,6,953158,199444,197.2
174000,6,953808,194390,205.4
174200,16,951886,206627,209.2
174400,7,944990,193846,204.6
174600,6,954555,200516,200.6
174800,6,954225,196629,206
175000,6,946726,197748,202.6
175200,6,957672,197634,205.6
175400,16,939546,204918,199.4
175600,6,933604,206668,209.2
175800,6,962946,194858,198.4
176000,7,945382,196392,200.8
176200,7,935252,196952,200.6
176400,5,936774,197872,202.2
176600,6,933801,199026,199.4
176800,7,939622,196426,202.6
177000,0,949524,197246,201.2
177200,6,972302,214754,207.6
177400,7,969307,203803,232.4
177600,0,958682,198584,205.8
177800,5,940374,200380,203.8
178000,7,973830,199792,205.4
178200,7,974004,208296,205
178400,7,956771,199568,198.2
178600,6,952432,210156,223.2
178800,7,980020,204662,217.6
179000,7,993063,201667,203
179200,7,972888,217646,208.8
179400,7,976151,204024,194.8
179600,6,967343,206720,214.6
179800,8,968837,201156,203.6
180000,7,967648,202314,199.8
180200,6,1000068,204936,206
180400,7,984656,198197,201
180600,7,993117,203981,210.4
180800,5,968132,203528,206.4
181000,6,982078,197312,195.8
181200,8,953994,215672,217.2
181400,6,998994,207358,200.4
181600,5,954823,200391,208.8
181800,6,994223,205354,196.8
182000,6,975388,203632,208
182200,6,988318,203179,199.6
182400,6,961057,216043,210
182600,5,1004487,202375,199.4
182800,0,988124,219083,204.8
183000,7,984998,209970,203.4
183200,5,993602,204812,205.6
183400,7,971407,207790,207
183600,7,982383,205434,201.6
183800,7,1006236,222654,222.6
184000,6,988815,203640,198.4
184200,6,1009168,218356,211.2
184400,0,1020807,206436,200.6
184600,6,992664,212638,208
184800,6,979887,216628,204.4
185000,8,1007227,203840,212.8
185200,8,1008063,216685,198.2
185400,6,983911,205614,200.6
185600,6,1017691,209703,200.2
185800,6,1007938,215106,200.8
186000,6,1018973,210187,202.4
186200,7,1003413,225336,205.2
186400,6,1024139,209550,208.8
186600,6,1051517,214184,201.4
186800,7,1015694,215486,213.8
187000,6,1036782,212616,201.2
187200,0,986163,207104,202.2
187400,8,997510,219277,206.2
187600,6,998222,208326,195
187800,6,998721,211608,206.2
188000,6,993835,208066,202
188200,7,992028,209569,201.4
188400,0,1032300,222166,201.2
188600,7,1006841,209978,207.8
188800,16,1008659,210862,202.8
189000,6,1004914,209222,199.4
189200,7,1003582,223756,210.4
189400,7,1038685,212347,209.6
189600,5,1013373,216479,237.6
189800,5,1018418,214080,199.6
190000,7,1010892,216236,225
190200,7,1037813,236940,203.4
190400,7,1023892,223962,208.4
190600,6,1042094,212408,204.6
190800,6,1041565,219740,217.4
191000,6,1042735,225041,225.4
191200,6,1057877,212531,203.8
191400,6,1012319,214961,207
191600,6,1034069,220065,278.2
191800,0,1049131,224612,194.4
192000,6,1018572,215073,203.6
192200,6,1065854,228052,210.6
192400,6,1018379,211677,198.2
192600,6,1019709,214342,207.2
192800,6,1054678,221266,222.6
193000,6,1050458,230321,207.4
193200,7,1049031,234630,212.8
193400,7,1043338,218236,199
193600,0,1025220,222722,202.2
193800,7,1036582,219847,205
194000,7,1059674,215081,198
194200,7,1057141,231957,207.8
194400,6,1025191,228752,205
194600,6,1078558,224614,211.8
194800,13,1078169,223148,213.8
195000,6,1088086,222246,215
195200,7,1070584,224360,213.2
195400,13,1070527,231941,209
195600,6,1077671,225872,221.2
195800,7,1086703,230500,202.8
196000,6,1089349,224068,217.2
196200,7,1065522,218276,206
196400,6,1061146,216528,197
196600,6,1054796,216224,200.6
196800,6,1084260,227170,222.8
197000,6,1061807,218844,199.4
197200,7,1053273,218386,202.8
197400,6,1072097,221016,206.8
197600,6,1062256,217980,201.4
197800,16,1057483,219820,197.6
198000,6,1064837,220004,202
198200,6,1121265,222125,197
198400,7,1062566,232213,208
198600,7,1092382,221726,205.4
198800,6,1060201,219242,205.6
199000,7,1073235,217572,198.6
199200,5,1065537,225118,218.6
199400,6,1085923,218655,203
199600,7,1080761,233668,206.4
199800,6,1089483,221030,216.2
200000,6,1133576,222636,204.8
